,dm_host,dm_igm_slope,freq_max,freq_min,in_par,lum_bol_max,lum_bol_min,lum_bol_slope,n_day,rep,si_mean,si_sigma,w_int_max,w_int_min
0,0,1200,10000000000.0,10000000.0,dm_host,1e+50,1e+40,-1.5,5000,0.0,-1.5,0.0,5.0,1.0
1,50,1200,10000000000.0,10000000.0,dm_host,1e+50,1e+40,-1.5,5000,0.0,-1.5,0.0,5.0,1.0
2,100,1200,10000000000.0,10000000.0,dm_host,1e+50,1e+40,-1.5,5000,0.0,-1.5,0.0,5.0,1.0
3,100,1000,10000000000.0,10000000.0,dm_igm_slope,1e+50,1e+40,-1.5,5000,0.0,-1.5,0.0,5.0,1.0
4,100,1100,10000000000.0,10000000.0,dm_igm_slope,1e+50,1e+40,-1.5,5000,0.0,-1.5,0.0,5.0,1.0
5,100,1200,10000000000.0,10000000.0,dm_igm_slope,1e+50,1e+40,-1.5,5000,0.0,-1.5,0.0,5.0,1.0
6,100,1300,10000000000.0,10000000.0,dm_igm_slope,1e+50,1e+40,-1.5,5000,0.0,-1.5,0.0,5.0,1.0
7,100,1400,10000000000.0,10000000.0,dm_igm_slope,1e+50,1e+40,-1.5,5000,0.0,-1.5,0.0,5.0,1.0
8,100,1200,10000000.0,10000000.0,freq_min,1e+50,1e+40,-1.5,5000,0.0,-1.5,0.0,5.0,1.0
9,100,1200,100000000.0,10000000.0,freq_min,1e+50,1e+40,-1.5,5000,0.0,-1.5,0.0,5.0,1.0
10,100,1200,1000000000.0,10000000.0,freq_min,1e+50,1e+40,-1.5,5000,0.0,-1.5,0.0,5.0,1.0
11,100,1200,10000000000.0,10000000.0,freq_min,1e+50,1e+40,-1.5,5000,0.0,-1.5,0.0,5.0,1.0
12,100,1200,100000000.0,100000000.0,freq_min,1e+50,1e+40,-1.5,5000,0.0,-1.5,0.0,5.0,1.0
13,100,1200,1000000000.0,100000000.0,freq_min,1e+50,1e+40,-1.5,5000,0.0,-1.5,0.0,5.0,1.0
14,100,1200,10000000000.0,100000000.0,freq_min,1e+50,1e+40,-1.5,5000,0.0,-1.5,0.0,5.0,1.0
15,100,1200,1000000000.0,1000000000.0,freq_min,1e+50,1e+40,-1.5,5000,0.0,-1.5,0.0,5.0,1.0
16,100,1200,10000000000.0,1000000000.0,freq_min,1e+50,1e+40,-1.5,5000,0.0,-1.5,0.0,5.0,1.0
17,100,1200,10000000000.0,10000000000.0,freq_min,1e+50,1e+40,-1.5,5000,0.0,-1.5,0.0,5.0,1.0
18,100,1200,10000000000.0,10000000.0,lum_bol_min,1e+30,1e+30,-1.5,5000,0.0,-1.5,0.0,5.0,1.0
19,100,1200,10000000000.0,10000000.0,lum_bol_min,1e+40,1e+30,-1.5,5000,0.0,-1.5,0.0,5.0,1.0
20,100,1200,10000000000.0,10000000.0,lum_bol_min,1e+50,1e+30,-1.5,5000,0.0,-1.5,0.0,5.0,1.0
21,100,1200,10000000000.0,10000000.0,lum_bol_min,1e+60,1e+30,-1.5,5000,0.0,-1.5,0.0,5.0,1.0
22,100,1200,10000000000.0,10000000.0,lum_bol_min,1e+40,1e+40,-1.5,5000,0.0,-1.5,0.0,5.0,1.0
23,100,1200,10000000000.0,10000000.0,lum_bol_min,1e+50,1e+40,-1.5,5000,0.0,-1.5,0.0,5.0,1.0
24,100,1200,10000000000.0,10000000.0,lum_bol_min,1e+60,1e+40,-1.5,5000,0.0,-1.5,0.0,5.0,1.0
25,100,1200,10000000000.0,10000000.0,lum_bol_min,1e+50,1e+50,-1.5,5000,0.0,-1.5,0.0,5.0,1.0
26,100,1200,10000000000.0,10000000.0,lum_bol_min,1e+60,1e+50,-1.5,5000,0.0,-1.5,0.0,5.0,1.0
27,100,1200,10000000000.0,10000000.0,lum_bol_min,1e+60,1e+60,-1.5,5000,0.0,-1.5,0.0,5.0,1.0
28,100,1200,10000000000.0,10000000.0,lum_bol_slope,1e+50,1e+40,-1.7,5000,0.0,-1.5,0.0,5.0,1.0
29,100,1200,10000000000.0,10000000.0,lum_bol_slope,1e+50,1e+40,-1.5999999999999999,5000,0.0,-1.5,0.0,5.0,1.0
30,100,1200,10000000000.0,10000000.0,lum_bol_slope,1e+50,1e+40,-1.5,5000,0.0,-1.5,0.0,5.0,1.0
31,100,1200,10000000000.0,10000000.0,lum_bol_slope,1e+50,1e+40,-1.4,5000,0.0,-1.5,0.0,5.0,1.0
32,100,1200,10000000000.0,10000000.0,lum_bol_slope,1e+50,1e+40,-1.2999999999999998,5000,0.0,-1.5,0.0,5.0,1.0
33,100,1200,10000000000.0,10000000.0,n_day,1e+50,1e+40,-1.5,4000,0.0,-1.5,0.0,5.0,1.0
34,100,1200,10000000000.0,10000000.0,n_day,1e+50,1e+40,-1.5,5000,0.0,-1.5,0.0,5.0,1.0
35,100,1200,10000000000.0,10000000.0,n_day,1e+50,1e+40,-1.5,6000,0.0,-1.5,0.0,5.0,1.0
36,100,1200,10000000000.0,10000000.0,rep,1e+50,1e+40,-1.5,5000,0.0,-1.5,0.0,5.0,1.0
37,100,1200,10000000000.0,10000000.0,rep,1e+50,1e+40,-1.5,5000,0.01,-1.5,0.0,5.0,1.0
38,100,1200,10000000000.0,10000000.0,si_mean,1e+50,1e+40,-1.5,5000,0.0,-1.6,0.0,5.0,1.0
39,100,1200,10000000000.0,10000000.0,si_mean,1e+50,1e+40,-1.5,5000,0.0,-1.5,0.0,5.0,1.0
40,100,1200,10000000000.0,10000000.0,si_mean,1e+50,1e+40,-1.5,5000,0.0,-1.4000000000000001,0.0,5.0,1.0
41,100,1200,10000000000.0,10000000.0,si_sigma,1e+50,1e+40,-1.5,5000,0.0,-1.5,0.0,5.0,1.0
42,100,1200,10000000000.0,10000000.0,si_sigma,1e+50,1e+40,-1.5,5000,0.0,-1.5,0.1,5.0,1.0
43,100,1200,10000000000.0,10000000.0,w_int_min,1e+50,1e+40,-1.5,5000,0.0,-1.5,0.0,0.0,0.0
44,100,1200,10000000000.0,10000000.0,w_int_min,1e+50,1e+40,-1.5,5000,0.0,-1.5,0.0,0.5,0.0
45,100,1200,10000000000.0,10000000.0,w_int_min,1e+50,1e+40,-1.5,5000,0.0,-1.5,0.0,1.0,0.0
46,100,1200,10000000000.0,10000000.0,w_int_min,1e+50,1e+40,-1.5,5000,0.0,-1.5,0.0,1.5,0.0
47,100,1200,10000000000.0,10000000.0,w_int_min,1e+50,1e+40,-1.5,5000,0.0,-1.5,0.0,2.0,0.0
48,100,1200,10000000000.0,10000000.0,w_int_min,1e+50,1e+40,-1.5,5000,0.0,-1.5,0.0,2.5,0.0
49,100,1200,10000000000.0,10000000.0,w_int_min,1e+50,1e+40,-1.5,5000,0.0,-1.5,0.0,3.0,0.0
50,100,1200,10000000000.0,10000000.0,w_int_min,1e+50,1e+40,-1.5,5000,0.0,-1.5,0.0,3.5,0.0
51,100,1200,10000000000.0,10000000.0,w_int_min,1e+50,1e+40,-1.5,5000,0.0,-1.5,0.0,4.0,0.0
52,100,1200,10000000000.0,10000000.0,w_int_min,1e+50,1e+40,-1.5,5000,0.0,-1.5,0.0,4.5,0.0
53,100,1200,10000000000.0,10000000.0,w_int_min,1e+50,1e+40,-1.5,5000,0.0,-1.5,0.0,5.0,0.0
54,100,1200,10000000000.0,10000000.0,w_int_min,1e+50,1e+40,-1.5,5000,0.0,-1.5,0.0,5.5,0.0
55,100,1200,10000000000.0,10000000.0,w_int_min,1e+50,1e+40,-1.5,5000,0.0,-1.5,0.0,6.0,0.0
56,100,1200,10000000000.0,10000000.0,w_int_min,1e+50,1e+40,-1.5,5000,0.0,-1.5,0.0,6.5,0.0
57,100,1200,10000000000.0,10000000.0,w_int_min,1e+50,1e+40,-1.5,5000,0.0,-1.5,0.0,7.0,0.0
58,100,1200,10000000000.0,10000000.0,w_int_min,1e+50,1e+40,-1.5,5000,0.0,-1.5,0.0,7.5,0.0
59,100,1200,10000000000.0,10000000.0,w_int_min,1e+50,1e+40,-1.5,5000,0.0,-1.5,0.0,8.0,0.0
60,100,1200,10000000000.0,10000000.0,w_int_min,1e+50,1e+40,-1.5,5000,0.0,-1.5,0.0,8.5,0.0
61,100,1200,10000000000.0,10000000.0,w_int_min,1e+50,1e+40,-1.5,5000,0.0,-1.5,0.0,9.0,0.0
62,100,1200,10000000000.0,10000000.0,w_int_min,1e+50,1e+40,-1.5,5000,0.0,-1.5,0.0,9.5,0.0
63,100,1200,10000000000.0,10000000.0,w_int_min,1e+50,1e+40,-1.5,5000,0.0,-1.5,0.0,10.0,0.0
64,100,1200,10000000000.0,10000000.0,w_int_min,1e+50,1e+40,-1.5,5000,0.0,-1.5,0.0,0.5,0.5
65,100,1200,10000000000.0,10000000.0,w_int_min,1e+50,1e+40,-1.5,5000,0.0,-1.5,0.0,1.0,0.5
66,100,1200,10000000000.0,10000000.0,w_int_min,1e+50,1e+40,-1.5,5000,0.0,-1.5,0.0,1.5,0.5
67,100,1200,10000000000.0,10000000.0,w_int_min,1e+50,1e+40,-1.5,5000,0.0,-1.5,0.0,2.0,0.5
68,100,1200,10000000000.0,10000000.0,w_int_min,1e+50,1e+40,-1.5,5000,0.0,-1.5,0.0,2.5,0.5
69,100,1200,10000000000.0,10000000.0,w_int_min,1e+50,1e+40,-1.5,5000,0.0,-1.5,0.0,3.0,0.5
70,100,1200,10000000000.0,10000000.0,w_int_min,1e+50,1e+40,-1.5,5000,0.0,-1.5,0.0,3.5,0.5
71,100,1200,10000000000.0,10000000.0,w_int_min,1e+50,1e+40,-1.5,5000,0.0,-1.5,0.0,4.0,0.5
72,100,1200,10000000000.0,10000000.0,w_int_min,1e+50,1e+40,-1.5,5000,0.0,-1.5,0.0,4.5,0.5
73,100,1200,10000000000.0,10000000.0,w_int_min,1e+50,1e+40,-1.5,5000,0.0,-1.5,0.0,5.0,0.5
74,100,1200,10000000000.0,10000000.0,w_int_min,1e+50,1e+40,-1.5,5000,0.0,-1.5,0.0,5.5,0.5
75,100,1200,10000000000.0,10000000.0,w_int_min,1e+50,1e+40,-1.5,5000,0.0,-1.5,0.0,6.0,0.5
76,100,1200,10000000000.0,10000000.0,w_int_min,1e+50,1e+40,-1.5,5000,0.0,-1.5,0.0,6.5,0.5
77,100,1200,10000000000.0,10000000.0,w_int_min,1e+50,1e+40,-1.5,5000,0.0,-1.5,0.0,7.0,0.5
78,100,1200,10000000000.0,10000000.0,w_int_min,1e+50,1e+40,-1.5,5000,0.0,-1.5,0.0,7.5,0.5
79,100,1200,10000000000.0,10000000.0,w_int_min,1e+50,1e+40,-1.5,5000,0.0,-1.5,0.0,8.0,0.5
80,100,1200,10000000000.0,10000000.0,w_int_min,1e+50,1e+40,-1.5,5000,0.0,-1.5,0.0,8.5,0.5
81,100,1200,10000000000.0,10000000.0,w_int_min,1e+50,1e+40,-1.5,5000,0.0,-1.5,0.0,9.0,0.5
82,100,1200,10000000000.0,10000000.0,w_int_min,1e+50,1e+40,-1.5,5000,0.0,-1.5,0.0,9.5,0.5
83,100,1200,10000000000.0,10000000.0,w_int_min,1e+50,1e+40,-1.5,5000,0.0,-1.5,0.0,10.0,0.5
84,100,1200,10000000000.0,10000000.0,w_int_min,1e+50,1e+40,-1.5,5000,0.0,-1.5,0.0,1.0,1.0
85,100,1200,10000000000.0,10000000.0,w_int_min,1e+50,1e+40,-1.5,5000,0.0,-1.5,0.0,1.5,1.0
86,100,1200,10000000000.0,10000000.0,w_int_min,1e+50,1e+40,-1.5,5000,0.0,-1.5,0.0,2.0,1.0
87,100,1200,10000000000.0,10000000.0,w_int_min,1e+50,1e+40,-1.5,5000,0.0,-1.5,0.0,2.5,1.0
88,100,1200,10000000000.0,10000000.0,w_int_min,1e+50,1e+40,-1.5,5000,0.0,-1.5,0.0,3.0,1.0
89,100,1200,10000000000.0,10000000.0,w_int_min,1e+50,1e+40,-1.5,5000,0.0,-1.5,0.0,3.5,1.0
90,100,1200,10000000000.0,10000000.0,w_int_min,1e+50,1e+40,-1.5,5000,0.0,-1.5,0.0,4.0,1.0
91,100,1200,10000000000.0,10000000.0,w_int_min,1e+50,1e+40,-1.5,5000,0.0,-1.5,0.0,4.5,1.0
92,100,1200,10000000000.0,10000000.0,w_int_min,1e+50,1e+40,-1.5,5000,0.0,-1.5,0.0,5.0,1.0
93,100,1200,10000000000.0,10000000.0,w_int_min,1e+50,1e+40,-1.5,5000,0.0,-1.5,0.0,5.5,1.0
94,100,1200,10000000000.0,10000000.0,w_int_min,1e+50,1e+40,-1.5,5000,0.0,-1.5,0.0,6.0,1.0
95,100,1200,10000000000.0,10000000.0,w_int_min,1e+50,1e+40,-1.5,5000,0.0,-1.5,0.0,6.5,1.0
96,100,1200,10000000000.0,10000000.0,w_int_min,1e+50,1e+40,-1.5,5000,0.0,-1.5,0.0,7.0,1.0
97,100,1200,10000000000.0,10000000.0,w_int_min,1e+50,1e+40,-1.5,5000,0.0,-1.5,0.0,7.5,1.0
98,100,1200,10000000000.0,10000000.0,w_int_min,1e+50,1e+40,-1.5,5000,0.0,-1.5,0.0,8.0,1.0
99,100,1200,10000000000.0,10000000.0,w_int_min,1e+50,1e+40,-1.5,5000,0.0,-1.5,0.0,8.5,1.0
100,100,1200,10000000000.0,10000000.0,w_int_min,1e+50,1e+40,-1.5,5000,0.0,-1.5,0.0,9.0,1.0
101,100,1200,10000000000.0,10000000.0,w_int_min,1e+50,1e+40,-1.5,5000,0.0,-1.5,0.0,9.5,1.0
102,100,1200,10000000000.0,10000000.0,w_int_min,1e+50,1e+40,-1.5,5000,0.0,-1.5,0.0,10.0,1.0
103,100,1200,10000000000.0,10000000.0,w_int_min,1e+50,1e+40,-1.5,5000,0.0,-1.5,0.0,1.5,1.5
104,100,1200,10000000000.0,10000000.0,w_int_min,1e+50,1e+40,-1.5,5000,0.0,-1.5,0.0,2.0,1.5
105,100,1200,10000000000.0,10000000.0,w_int_min,1e+50,1e+40,-1.5,5000,0.0,-1.5,0.0,2.5,1.5
106,100,1200,10000000000.0,10000000.0,w_int_min,1e+50,1e+40,-1.5,5000,0.0,-1.5,0.0,3.0,1.5
107,100,1200,10000000000.0,10000000.0,w_int_min,1e+50,1e+40,-1.5,5000,0.0,-1.5,0.0,3.5,1.5
108,100,1200,10000000000.0,10000000.0,w_int_min,1e+50,1e+40,-1.5,5000,0.0,-1.5,0.0,4.0,1.5
109,100,1200,10000000000.0,10000000.0,w_int_min,1e+50,1e+40,-1.5,5000,0.0,-1.5,0.0,4.5,1.5
110,100,1200,10000000000.0,10000000.0,w_int_min,1e+50,1e+40,-1.5,5000,0.0,-1.5,0.0,5.0,1.5
111,100,1200,10000000000.0,10000000.0,w_int_min,1e+50,1e+40,-1.5,5000,0.0,-1.5,0.0,5.5,1.5
112,100,1200,10000000000.0,10000000.0,w_int_min,1e+50,1e+40,-1.5,5000,0.0,-1.5,0.0,6.0,1.5
113,100,1200,10000000000.0,10000000.0,w_int_min,1e+50,1e+40,-1.5,5000,0.0,-1.5,0.0,6.5,1.5
114,100,1200,10000000000.0,10000000.0,w_int_min,1e+50,1e+40,-1.5,5000,0.0,-1.5,0.0,7.0,1.5
115,100,1200,10000000000.0,10000000.0,w_int_min,1e+50,1e+40,-1.5,5000,0.0,-1.5,0.0,7.5,1.5
116,100,1200,10000000000.0,10000000.0,w_int_min,1e+50,1e+40,-1.5,5000,0.0,-1.5,0.0,8.0,1.5
117,100,1200,10000000000.0,10000000.0,w_int_min,1e+50,1e+40,-1.5,5000,0.0,-1.5,0.0,8.5,1.5
118,100,1200,10000000000.0,10000000.0,w_int_min,1e+50,1e+40,-1.5,5000,0.0,-1.5,0.0,9.0,1.5
119,100,1200,10000000000.0,10000000.0,w_int_min,1e+50,1e+40,-1.5,5000,0.0,-1.5,0.0,9.5,1.5
120,100,1200,10000000000.0,10000000.0,w_int_min,1e+50,1e+40,-1.5,5000,0.0,-1.5,0.0,10.0,1.5
121,100,1200,10000000000.0,10000000.0,w_int_min,1e+50,1e+40,-1.5,5000,0.0,-1.5,0.0,2.0,2.0
122,100,1200,10000000000.0,10000000.0,w_int_min,1e+50,1e+40,-1.5,5000,0.0,-1.5,0.0,2.5,2.0
123,100,1200,10000000000.0,10000000.0,w_int_min,1e+50,1e+40,-1.5,5000,0.0,-1.5,0.0,3.0,2.0
124,100,1200,10000000000.0,10000000.0,w_int_min,1e+50,1e+40,-1.5,5000,0.0,-1.5,0.0,3.5,2.0
125,100,1200,10000000000.0,10000000.0,w_int_min,1e+50,1e+40,-1.5,5000,0.0,-1.5,0.0,4.0,2.0
126,100,1200,10000000000.0,10000000.0,w_int_min,1e+50,1e+40,-1.5,5000,0.0,-1.5,0.0,4.5,2.0
127,100,1200,10000000000.0,10000000.0,w_int_min,1e+50,1e+40,-1.5,5000,0.0,-1.5,0.0,5.0,2.0
128,100,1200,10000000000.0,10000000.0,w_int_min,1e+50,1e+40,-1.5,5000,0.0,-1.5,0.0,5.5,2.0
129,100,1200,10000000000.0,10000000.0,w_int_min,1e+50,1e+40,-1.5,5000,0.0,-1.5,0.0,6.0,2.0
130,100,1200,10000000000.0,10000000.0,w_int_min,1e+50,1e+40,-1.5,5000,0.0,-1.5,0.0,6.5,2.0
131,100,1200,10000000000.0,10000000.0,w_int_min,1e+50,1e+40,-1.5,5000,0.0,-1.5,0.0,7.0,2.0
132,100,1200,10000000000.0,10000000.0,w_int_min,1e+50,1e+40,-1.5,5000,0.0,-1.5,0.0,7.5,2.0
133,100,1200,10000000000.0,10000000.0,w_int_min,1e+50,1e+40,-1.5,5000,0.0,-1.5,0.0,8.0,2.0
134,100,1200,10000000000.0,10000000.0,w_int_min,1e+50,1e+40,-1.5,5000,0.0,-1.5,0.0,8.5,2.0
135,100,1200,10000000000.0,10000000.0,w_int_min,1e+50,1e+40,-1.5,5000,0.0,-1.5,0.0,9.0,2.0
136,100,1200,10000000000.0,10000000.0,w_int_min,1e+50,1e+40,-1.5,5000,0.0,-1.5,0.0,9.5,2.0
137,100,1200,10000000000.0,10000000.0,w_int_min,1e+50,1e+40,-1.5,5000,0.0,-1.5,0.0,10.0,2.0
138,100,1200,10000000000.0,10000000.0,w_int_min,1e+50,1e+40,-1.5,5000,0.0,-1.5,0.0,2.5,2.5
139,100,1200,10000000000.0,10000000.0,w_int_min,1e+50,1e+40,-1.5,5000,0.0,-1.5,0.0,3.0,2.5
140,100,1200,10000000000.0,10000000.0,w_int_min,1e+50,1e+40,-1.5,5000,0.0,-1.5,0.0,3.5,2.5
141,100,1200,10000000000.0,10000000.0,w_int_min,1e+50,1e+40,-1.5,5000,0.0,-1.5,0.0,4.0,2.5
142,100,1200,10000000000.0,10000000.0,w_int_min,1e+50,1e+40,-1.5,5000,0.0,-1.5,0.0,4.5,2.5
143,100,1200,10000000000.0,10000000.0,w_int_min,1e+50,1e+40,-1.5,5000,0.0,-1.5,0.0,5.0,2.5
144,100,1200,10000000000.0,10000000.0,w_int_min,1e+50,1e+40,-1.5,5000,0.0,-1.5,0.0,5.5,2.5
145,100,1200,10000000000.0,10000000.0,w_int_min,1e+50,1e+40,-1.5,5000,0.0,-1.5,0.0,6.0,2.5
146,100,1200,10000000000.0,10000000.0,w_int_min,1e+50,1e+40,-1.5,5000,0.0,-1.5,0.0,6.5,2.5
147,100,1200,10000000000.0,10000000.0,w_int_min,1e+50,1e+40,-1.5,5000,0.0,-1.5,0.0,7.0,2.5
148,100,1200,10000000000.0,10000000.0,w_int_min,1e+50,1e+40,-1.5,5000,0.0,-1.5,0.0,7.5,2.5
149,100,1200,10000000000.0,10000000.0,w_int_min,1e+50,1e+40,-1.5,5000,0.0,-1.5,0.0,8.0,2.5
150,100,1200,10000000000.0,10000000.0,w_int_min,1e+50,1e+40,-1.5,5000,0.0,-1.5,0.0,8.5,2.5
151,100,1200,10000000000.0,10000000.0,w_int_min,1e+50,1e+40,-1.5,5000,0.0,-1.5,0.0,9.0,2.5
152,100,1200,10000000000.0,10000000.0,w_int_min,1e+50,1e+40,-1.5,5000,0.0,-1.5,0.0,9.5,2.5
153,100,1200,10000000000.0,10000000.0,w_int_min,1e+50,1e+40,-1.5,5000,0.0,-1.5,0.0,10.0,2.5
154,100,1200,10000000000.0,10000000.0,w_int_min,1e+50,1e+40,-1.5,5000,0.0,-1.5,0.0,3.0,3.0
155,100,1200,10000000000.0,10000000.0,w_int_min,1e+50,1e+40,-1.5,5000,0.0,-1.5,0.0,3.5,3.0
156,100,1200,10000000000.0,10000000.0,w_int_min,1e+50,1e+40,-1.5,5000,0.0,-1.5,0.0,4.0,3.0
157,100,1200,10000000000.0,10000000.0,w_int_min,1e+50,1e+40,-1.5,5000,0.0,-1.5,0.0,4.5,3.0
158,100,1200,10000000000.0,10000000.0,w_int_min,1e+50,1e+40,-1.5,5000,0.0,-1.5,0.0,5.0,3.0
159,100,1200,10000000000.0,10000000.0,w_int_min,1e+50,1e+40,-1.5,5000,0.0,-1.5,0.0,5.5,3.0
160,100,1200,10000000000.0,10000000.0,w_int_min,1e+50,1e+40,-1.5,5000,0.0,-1.5,0.0,6.0,3.0
161,100,1200,10000000000.0,10000000.0,w_int_min,1e+50,1e+40,-1.5,5000,0.0,-1.5,0.0,6.5,3.0
162,100,1200,10000000000.0,10000000.0,w_int_min,1e+50,1e+40,-1.5,5000,0.0,-1.5,0.0,7.0,3.0
163,100,1200,10000000000.0,10000000.0,w_int_min,1e+50,1e+40,-1.5,5000,0.0,-1.5,0.0,7.5,3.0
164,100,1200,10000000000.0,10000000.0,w_int_min,1e+50,1e+40,-1.5,5000,0.0,-1.5,0.0,8.0,3.0
165,100,1200,10000000000.0,10000000.0,w_int_min,1e+50,1e+40,-1.5,5000,0.0,-1.5,0.0,8.5,3.0
166,100,1200,10000000000.0,10000000.0,w_int_min,1e+50,1e+40,-1.5,5000,0.0,-1.5,0.0,9.0,3.0
167,100,1200,10000000000.0,10000000.0,w_int_min,1e+50,1e+40,-1.5,5000,0.0,-1.5,0.0,9.5,3.0
168,100,1200,10000000000.0,10000000.0,w_int_min,1e+50,1e+40,-1.5,5000,0.0,-1.5,0.0,10.0,3.0
169,100,1200,10000000000.0,10000000.0,w_int_min,1e+50,1e+40,-1.5,5000,0.0,-1.5,0.0,3.5,3.5
170,100,1200,10000000000.0,10000000.0,w_int_min,1e+50,1e+40,-1.5,5000,0.0,-1.5,0.0,4.0,3.5
171,100,1200,10000000000.0,10000000.0,w_int_min,1e+50,1e+40,-1.5,5000,0.0,-1.5,0.0,4.5,3.5
172,100,1200,10000000000.0,10000000.0,w_int_min,1e+50,1e+40,-1.5,5000,0.0,-1.5,0.0,5.0,3.5
173,100,1200,10000000000.0,10000000.0,w_int_min,1e+50,1e+40,-1.5,5000,0.0,-1.5,0.0,5.5,3.5
174,100,1200,10000000000.0,10000000.0,w_int_min,1e+50,1e+40,-1.5,5000,0.0,-1.5,0.0,6.0,3.5
175,100,1200,10000000000.0,10000000.0,w_int_min,1e+50,1e+40,-1.5,5000,0.0,-1.5,0.0,6.5,3.5
176,100,1200,10000000000.0,10000000.0,w_int_min,1e+50,1e+40,-1.5,5000,0.0,-1.5,0.0,7.0,3.5
177,100,1200,10000000000.0,10000000.0,w_int_min,1e+50,1e+40,-1.5,5000,0.0,-1.5,0.0,7.5,3.5
178,100,1200,10000000000.0,10000000.0,w_int_min,1e+50,1e+40,-1.5,5000,0.0,-1.5,0.0,8.0,3.5
179,100,1200,10000000000.0,10000000.0,w_int_min,1e+50,1e+40,-1.5,5000,0.0,-1.5,0.0,8.5,3.5
180,100,1200,10000000000.0,10000000.0,w_int_min,1e+50,1e+40,-1.5,5000,0.0,-1.5,0.0,9.0,3.5
181,100,1200,10000000000.0,10000000.0,w_int_min,1e+50,1e+40,-1.5,5000,0.0,-1.5,0.0,9.5,3.5
182,100,1200,10000000000.0,10000000.0,w_int_min,1e+50,1e+40,-1.5,5000,0.0,-1.5,0.0,10.0,3.5
183,100,1200,10000000000.0,10000000.0,w_int_min,1e+50,1e+40,-1.5,5000,0.0,-1.5,0.0,4.0,4.0
184,100,1200,10000000000.0,10000000.0,w_int_min,1e+50,1e+40,-1.5,5000,0.0,-1.5,0.0,4.5,4.0
185,100,1200,10000000000.0,10000000.0,w_int_min,1e+50,1e+40,-1.5,5000,0.0,-1.5,0.0,5.0,4.0
186,100,1200,10000000000.0,10000000.0,w_int_min,1e+50,1e+40,-1.5,5000,0.0,-1.5,0.0,5.5,4.0
187,100,1200,10000000000.0,10000000.0,w_int_min,1e+50,1e+40,-1.5,5000,0.0,-1.5,0.0,6.0,4.0
188,100,1200,10000000000.0,10000000.0,w_int_min,1e+50,1e+40,-1.5,5000,0.0,-1.5,0.0,6.5,4.0
189,100,1200,10000000000.0,10000000.0,w_int_min,1e+50,1e+40,-1.5,5000,0.0,-1.5,0.0,7.0,4.0
190,100,1200,10000000000.0,10000000.0,w_int_min,1e+50,1e+40,-1.5,5000,0.0,-1.5,0.0,7.5,4.0
191,100,1200,10000000000.0,10000000.0,w_int_min,1e+50,1e+40,-1.5,5000,0.0,-1.5,0.0,8.0,4.0
192,100,1200,10000000000.0,10000000.0,w_int_min,1e+50,1e+40,-1.5,5000,0.0,-1.5,0.0,8.5,4.0
193,100,1200,10000000000.0,10000000.0,w_int_min,1e+50,1e+40,-1.5,5000,0.0,-1.5,0.0,9.0,4.0
194,100,1200,10000000000.0,10000000.0,w_int_min,1e+50,1e+40,-1.5,5000,0.0,-1.5,0.0,9.5,4.0
195,100,1200,10000000000.0,10000000.0,w_int_min,1e+50,1e+40,-1.5,5000,0.0,-1.5,0.0,10.0,4.0
196,100,1200,10000000000.0,10000000.0,w_int_min,1e+50,1e+40,-1.5,5000,0.0,-1.5,0.0,4.5,4.5
197,100,1200,10000000000.0,10000000.0,w_int_min,1e+50,1e+40,-1.5,5000,0.0,-1.5,0.0,5.0,4.5
198,100,1200,10000000000.0,10000000.0,w_int_min,1e+50,1e+40,-1.5,5000,0.0,-1.5,0.0,5.5,4.5
199,100,1200,10000000000.0,10000000.0,w_int_min,1e+50,1e+40,-1.5,5000,0.0,-1.5,0.0,6.0,4.5
200,100,1200,10000000000.0,10000000.0,w_int_min,1e+50,1e+40,-1.5,5000,0.0,-1.5,0.0,6.5,4.5
201,100,1200,10000000000.0,10000000.0,w_int_min,1e+50,1e+40,-1.5,5000,0.0,-1.5,0.0,7.0,4.5
202,100,1200,10000000000.0,10000000.0,w_int_min,1e+50,1e+40,-1.5,5000,0.0,-1.5,0.0,7.5,4.5
203,100,1200,10000000000.0,10000000.0,w_int_min,1e+50,1e+40,-1.5,5000,0.0,-1.5,0.0,8.0,4.5
204,100,1200,10000000000.0,10000000.0,w_int_min,1e+50,1e+40,-1.5,5000,0.0,-1.5,0.0,8.5,4.5
205,100,1200,10000000000.0,10000000.0,w_int_min,1e+50,1e+40,-1.5,5000,0.0,-1.5,0.0,9.0,4.5
206,100,1200,10000000000.0,10000000.0,w_int_min,1e+50,1e+40,-1.5,5000,0.0,-1.5,0.0,9.5,4.5
207,100,1200,10000000000.0,10000000.0,w_int_min,1e+50,1e+40,-1.5,5000,0.0,-1.5,0.0,10.0,4.5
208,100,1200,10000000000.0,10000000.0,w_int_min,1e+50,1e+40,-1.5,5000,0.0,-1.5,0.0,5.0,5.0
209,100,1200,10000000000.0,10000000.0,w_int_min,1e+50,1e+40,-1.5,5000,0.0,-1.5,0.0,5.5,5.0
210,100,1200,10000000000.0,10000000.0,w_int_min,1e+50,1e+40,-1.5,5000,0.0,-1.5,0.0,6.0,5.0
211,100,1200,10000000000.0,10000000.0,w_int_min,1e+50,1e+40,-1.5,5000,0.0,-1.5,0.0,6.5,5.0
212,100,1200,10000000000.0,10000000.0,w_int_min,1e+50,1e+40,-1.5,5000,0.0,-1.5,0.0,7.0,5.0
213,100,1200,10000000000.0,10000000.0,w_int_min,1e+50,1e+40,-1.5,5000,0.0,-1.5,0.0,7.5,5.0
214,100,1200,10000000000.0,10000000.0,w_int_min,1e+50,1e+40,-1.5,5000,0.0,-1.5,0.0,8.0,5.0
215,100,1200,10000000000.0,10000000.0,w_int_min,1e+50,1e+40,-1.5,5000,0.0,-1.5,0.0,8.5,5.0
216,100,1200,10000000000.0,10000000.0,w_int_min,1e+50,1e+40,-1.5,5000,0.0,-1.5,0.0,9.0,5.0
217,100,1200,10000000000.0,10000000.0,w_int_min,1e+50,1e+40,-1.5,5000,0.0,-1.5,0.0,9.5,5.0
218,100,1200,10000000000.0,10000000.0,w_int_min,1e+50,1e+40,-1.5,5000,0.0,-1.5,0.0,10.0,5.0
219,100,1200,10000000000.0,10000000.0,w_int_min,1e+50,1e+40,-1.5,5000,0.0,-1.5,0.0,5.5,5.5
220,100,1200,10000000000.0,10000000.0,w_int_min,1e+50,1e+40,-1.5,5000,0.0,-1.5,0.0,6.0,5.5
221,100,1200,10000000000.0,10000000.0,w_int_min,1e+50,1e+40,-1.5,5000,0.0,-1.5,0.0,6.5,5.5
222,100,1200,10000000000.0,10000000.0,w_int_min,1e+50,1e+40,-1.5,5000,0.0,-1.5,0.0,7.0,5.5
223,100,1200,10000000000.0,10000000.0,w_int_min,1e+50,1e+40,-1.5,5000,0.0,-1.5,0.0,7.5,5.5
224,100,1200,10000000000.0,10000000.0,w_int_min,1e+50,1e+40,-1.5,5000,0.0,-1.5,0.0,8.0,5.5
225,100,1200,10000000000.0,10000000.0,w_int_min,1e+50,1e+40,-1.5,5000,0.0,-1.5,0.0,8.5,5.5
226,100,1200,10000000000.0,10000000.0,w_int_min,1e+50,1e+40,-1.5,5000,0.0,-1.5,0.0,9.0,5.5
227,100,1200,10000000000.0,10000000.0,w_int_min,1e+50,1e+40,-1.5,5000,0.0,-1.5,0.0,9.5,5.5
228,100,1200,10000000000.0,10000000.0,w_int_min,1e+50,1e+40,-1.5,5000,0.0,-1.5,0.0,10.0,5.5
229,100,1200,10000000000.0,10000000.0,w_int_min,1e+50,1e+40,-1.5,5000,0.0,-1.5,0.0,6.0,6.0
230,100,1200,10000000000.0,10000000.0,w_int_min,1e+50,1e+40,-1.5,5000,0.0,-1.5,0.0,6.5,6.0
231,100,1200,10000000000.0,10000000.0,w_int_min,1e+50,1e+40,-1.5,5000,0.0,-1.5,0.0,7.0,6.0
232,100,1200,10000000000.0,10000000.0,w_int_min,1e+50,1e+40,-1.5,5000,0.0,-1.5,0.0,7.5,6.0
233,100,1200,10000000000.0,10000000.0,w_int_min,1e+50,1e+40,-1.5,5000,0.0,-1.5,0.0,8.0,6.0
234,100,1200,10000000000.0,10000000.0,w_int_min,1e+50,1e+40,-1.5,5000,0.0,-1.5,0.0,8.5,6.0
235,100,1200,10000000000.0,10000000.0,w_int_min,1e+50,1e+40,-1.5,5000,0.0,-1.5,0.0,9.0,6.0
236,100,1200,10000000000.0,10000000.0,w_int_min,1e+50,1e+40,-1.5,5000,0.0,-1.5,0.0,9.5,6.0
237,100,1200,10000000000.0,10000000.0,w_int_min,1e+50,1e+40,-1.5,5000,0.0,-1.5,0.0,10.0,6.0
238,100,1200,10000000000.0,10000000.0,w_int_min,1e+50,1e+40,-1.5,5000,0.0,-1.5,0.0,6.5,6.5
239,100,1200,10000000000.0,10000000.0,w_int_min,1e+50,1e+40,-1.5,5000,0.0,-1.5,0.0,7.0,6.5
240,100,1200,10000000000.0,10000000.0,w_int_min,1e+50,1e+40,-1.5,5000,0.0,-1.5,0.0,7.5,6.5
241,100,1200,10000000000.0,10000000.0,w_int_min,1e+50,1e+40,-1.5,5000,0.0,-1.5,0.0,8.0,6.5
242,100,1200,10000000000.0,10000000.0,w_int_min,1e+50,1e+40,-1.5,5000,0.0,-1.5,0.0,8.5,6.5
243,100,1200,10000000000.0,10000000.0,w_int_min,1e+50,1e+40,-1.5,5000,0.0,-1.5,0.0,9.0,6.5
244,100,1200,10000000000.0,10000000.0,w_int_min,1e+50,1e+40,-1.5,5000,0.0,-1.5,0.0,9.5,6.5
245,100,1200,10000000000.0,10000000.0,w_int_min,1e+50,1e+40,-1.5,5000,0.0,-1.5,0.0,10.0,6.5
246,100,1200,10000000000.0,10000000.0,w_int_min,1e+50,1e+40,-1.5,5000,0.0,-1.5,0.0,7.0,7.0
247,100,1200,10000000000.0,10000000.0,w_int_min,1e+50,1e+40,-1.5,5000,0.0,-1.5,0.0,7.5,7.0
248,100,1200,10000000000.0,10000000.0,w_int_min,1e+50,1e+40,-1.5,5000,0.0,-1.5,0.0,8.0,7.0
249,100,1200,10000000000.0,10000000.0,w_int_min,1e+50,1e+40,-1.5,5000,0.0,-1.5,0.0,8.5,7.0
250,100,1200,10000000000.0,10000000.0,w_int_min,1e+50,1e+40,-1.5,5000,0.0,-1.5,0.0,9.0,7.0
251,100,1200,10000000000.0,10000000.0,w_int_min,1e+50,1e+40,-1.5,5000,0.0,-1.5,0.0,9.5,7.0
252,100,1200,10000000000.0,10000000.0,w_int_min,1e+50,1e+40,-1.5,5000,0.0,-1.5,0.0,10.0,7.0
253,100,1200,10000000000.0,10000000.0,w_int_min,1e+50,1e+40,-1.5,5000,0.0,-1.5,0.0,7.5,7.5
254,100,1200,10000000000.0,10000000.0,w_int_min,1e+50,1e+40,-1.5,5000,0.0,-1.5,0.0,8.0,7.5
255,100,1200,10000000000.0,10000000.0,w_int_min,1e+50,1e+40,-1.5,5000,0.0,-1.5,0.0,8.5,7.5
256,100,1200,10000000000.0,10000000.0,w_int_min,1e+50,1e+40,-1.5,5000,0.0,-1.5,0.0,9.0,7.5
257,100,1200,10000000000.0,10000000.0,w_int_min,1e+50,1e+40,-1.5,5000,0.0,-1.5,0.0,9.5,7.5
258,100,1200,10000000000.0,10000000.0,w_int_min,1e+50,1e+40,-1.5,5000,0.0,-1.5,0.0,10.0,7.5
259,100,1200,10000000000.0,10000000.0,w_int_min,1e+50,1e+40,-1.5,5000,0.0,-1.5,0.0,8.0,8.0
260,100,1200,10000000000.0,10000000.0,w_int_min,1e+50,1e+40,-1.5,5000,0.0,-1.5,0.0,8.5,8.0
261,100,1200,10000000000.0,10000000.0,w_int_min,1e+50,1e+40,-1.5,5000,0.0,-1.5,0.0,9.0,8.0
262,100,1200,10000000000.0,10000000.0,w_int_min,1e+50,1e+40,-1.5,5000,0.0,-1.5,0.0,9.5,8.0
263,100,1200,10000000000.0,10000000.0,w_int_min,1e+50,1e+40,-1.5,5000,0.0,-1.5,0.0,10.0,8.0
264,100,1200,10000000000.0,10000000.0,w_int_min,1e+50,1e+40,-1.5,5000,0.0,-1.5,0.0,8.5,8.5
265,100,1200,10000000000.0,10000000.0,w_int_min,1e+50,1e+40,-1.5,5000,0.0,-1.5,0.0,9.0,8.5
266,100,1200,10000000000.0,10000000.0,w_int_min,1e+50,1e+40,-1.5,5000,0.0,-1.5,0.0,9.5,8.5
267,100,1200,10000000000.0,10000000.0,w_int_min,1e+50,1e+40,-1.5,5000,0.0,-1.5,0.0,10.0,8.5
268,100,1200,10000000000.0,10000000.0,w_int_min,1e+50,1e+40,-1.5,5000,0.0,-1.5,0.0,9.0,9.0
269,100,1200,10000000000.0,10000000.0,w_int_min,1e+50,1e+40,-1.5,5000,0.0,-1.5,0.0,9.5,9.0
270,100,1200,10000000000.0,10000000.0,w_int_min,1e+50,1e+40,-1.5,5000,0.0,-1.5,0.0,10.0,9.0
271,100,1200,10000000000.0,10000000.0,w_int_min,1e+50,1e+40,-1.5,5000,0.0,-1.5,0.0,9.5,9.5
272,100,1200,10000000000.0,10000000.0,w_int_min,1e+50,1e+40,-1.5,5000,0.0,-1.5,0.0,10.0,9.5
273,100,1200,10000000000.0,10000000.0,w_int_min,1e+50,1e+40,-1.5,5000,0.0,-1.5,0.0,10.0,10.0
